{"epochs": [1, 2, 3, 4, 5, 6, 7, 8, 9, 10, 11, 12, 13, 14, 15, 16, 17, 18, 19, 20, 21, 22, 23, 24, 25, 26, 27, 28, 29, 30, 31, 32, 33, 34, 35, 36, 37, 38, 39, 40, 41, 42, 43, 44, 45, 46, 47, 48, 49, 50, 51, 52, 53, 54, 55, 56, 57, 58, 59, 60, 61, 62, 63, 64, 65, 66, 67, 68, 69, 70, 71, 72, 73, 74, 75, 76, 77, 78, 79, 80, 81, 82, 83, 84, 85, 86, 87, 88, 89, 90, 91, 92, 93, 94, 95, 96, 97, 98, 99, 100], "acc": [0.7871116399765015, 0.7951668500900269, 0.8105101585388184, 0.8151131272315979, 0.8411967754364014, 0.847334086894989, 0.8392788767814636, 0.8450326323509216, 0.8504027724266052, 0.847334086894989, 0.8450326323509216, 0.8431146740913391, 0.8419639468193054, 0.8500191569328308, 0.8450326323509216, 0.8427311182022095, 0.8481012582778931, 0.8484848737716675, 0.8488684296607971, 0.8457997441291809, 0.8377445340156555, 0.8434982895851135, 0.8434982895851135, 0.8500191569328308, 0.8308400511741638, 0.8362101912498474, 0.8308400511741638, 0.833141565322876, 0.8250862956047058, 0.8335251212120056, 0.8212504982948303, 0.8312236070632935, 0.8220176696777344, 0.8254699110984802, 0.8174146413803101, 0.82163405418396, 0.8227847814559937, 0.8189489841461182, 0.8170310854911804, 0.8270041942596436, 0.8227847814559937, 0.8143460154533386, 0.8151131272315979, 0.8319907784461975, 0.8327579498291016, 0.8139623999595642, 0.822401225566864, 0.8277713656425476, 0.8323743939399719, 0.82163405418396, 0.8181818127632141, 0.8227847814559937, 0.8308400511741638, 0.8239355683326721, 0.8381280899047852, 0.8335251212120056, 0.8350594639778137, 0.8373609781265259, 0.8461833596229553, 0.83390873670578, 0.8270041942596436, 0.8354430198669434, 0.827387809753418, 0.8319907784461975, 0.8197161555290222, 0.8258534669876099, 0.833141565322876, 0.8316072225570679, 0.8151131272315979, 0.8392788767814636, 0.822401225566864, 0.8258534669876099, 0.8373609781265259, 0.8373609781265259, 0.8373609781265259, 0.8515534996986389, 0.847334086894989, 0.8431146740913391, 0.8373609781265259, 0.8266206383705139, 0.8296893239021301, 0.828154981136322, 0.8381280899047852, 0.8277713656425476, 0.8365938067436218, 0.8262370824813843, 0.8434982895851135, 0.8362101912498474, 0.8396624326705933, 0.8354430198669434, 0.841580331325531, 0.8434982895851135, 0.8400460481643677, 0.8323743939399719, 0.8431146740913391, 0.8258534669876099, 0.8400460481643677, 0.833141565322876, 0.8377445340156555, 0.8323743939399719], "val_acc": [0.8067484498023987, 0.7714723944664001, 0.7929447889328003, 0.8604294657707214, 0.8251533508300781, 0.8052147030830383, 0.8128834366798401, 0.8328220844268799, 0.8358895778656006, 0.7914110422134399, 0.8312883377075195, 0.8312883377075195, 0.796012282371521, 0.8343558311462402, 0.8297545909881592, 0.8128834366798401, 0.7975460290908813, 0.8021472096443176, 0.8067484498023987, 0.8128834366798401, 0.8266870975494385, 0.8174846768379211, 0.8098159432411194, 0.8052147030830383, 0.8113496899604797, 0.7929447889328003, 0.7806748747825623, 0.8128834366798401, 0.803680956363678, 0.8021472096443176, 0.8190184235572815, 0.762269914150238, 0.7714723944664001, 0.7791411280632019, 0.7269938588142395, 0.8190184235572815, 0.7944785356521606, 0.7852760553359985, 0.8251533508300781, 0.8113496899604797, 0.800613522529602, 0.7699386477470398, 0.7944785356521606, 0.803680956363678, 0.7607361674308777, 0.7898772954940796, 0.7684049010276794, 0.8067484498023987, 0.7730061411857605, 0.7852760553359985, 0.7914110422134399, 0.8159509301185608, 0.7776073813438416, 0.7883435487747192, 0.8113496899604797, 0.8144171833992004, 0.7806748747825623, 0.8098159432411194, 0.8205521702766418, 0.7975460290908813, 0.7898772954940796, 0.7760736346244812, 0.7883435487747192, 0.803680956363678, 0.7868098020553589, 0.803680956363678, 0.7837423086166382, 0.800613522529602, 0.7914110422134399, 0.8236196041107178, 0.8021472096443176, 0.7883435487747192, 0.803680956363678, 0.8174846768379211, 0.7944785356521606, 0.8220859169960022, 0.8174846768379211, 0.7929447889328003, 0.8098159432411194, 0.7914110422134399, 0.7837423086166382, 0.800613522529602, 0.8144171833992004, 0.7990797758102417, 0.7653374075889587, 0.808282196521759, 0.796012282371521, 0.8021472096443176, 0.7914110422134399, 0.7975460290908813, 0.7975460290908813, 0.8128834366798401, 0.7760736346244812, 0.8128834366798401, 0.8128834366798401, 0.7975460290908813, 0.7883435487747192, 0.8144171833992004, 0.8067484498023987, 0.8128834366798401], "loss": [0.18644872307777405, 0.09146561473608017, 0.06903929263353348, 0.06277535855770111, 0.058791715651750565, 0.05656594783067703, 0.05549143999814987, 0.05510387569665909, 0.05585503578186035, 0.0541587732732296, 0.05340086296200752, 0.05245227739214897, 0.0524602085351944, 0.053151968866586685, 0.05267184227705002, 0.05173104256391525, 0.05206230282783508, 0.05173271894454956, 0.050568971782922745, 0.05058959499001503, 0.050386276096105576, 0.04995133355259895, 0.049940839409828186, 0.05109243094921112, 0.048921458423137665, 0.04917658492922783, 0.04866262897849083, 0.049903158098459244, 0.04971667006611824, 0.04901472479104996, 0.04839985445141792, 0.04861748591065407, 0.04827304929494858, 0.048474639654159546, 0.04779525101184845, 0.04937173053622246, 0.048021864145994186, 0.04826239496469498, 0.0480848103761673, 0.04773988202214241, 0.048151034861803055, 0.047672200947999954, 0.04795205220580101, 0.04818878322839737, 0.04763922095298767, 0.047916900366544724, 0.04763593152165413, 0.04722550883889198, 0.04728074371814728, 0.04732755944132805, 0.047335680574178696, 0.0475553534924984, 0.048273421823978424, 0.047413650900125504, 0.0472526028752327, 0.047965552657842636, 0.04844782128930092, 0.046769339591264725, 0.047391586005687714, 0.04652092233300209, 0.04707128182053566, 0.046702492982149124, 0.04655424505472183, 0.04645870625972748, 0.046465352177619934, 0.04697713255882263, 0.047058094292879105, 0.047243572771549225, 0.0469735749065876, 0.047246553003787994, 0.04601709917187691, 0.04685869812965393, 0.04658883810043335, 0.046481866389513016, 0.04720241576433182, 0.04682173579931259, 0.04781803488731384, 0.045827124267816544, 0.046451542526483536, 0.04642103612422943, 0.046410590410232544, 0.04610481858253479, 0.04675352945923805, 0.04592074081301689, 0.04626784846186638, 0.04631189629435539, 0.04596035182476044, 0.04650717228651047, 0.04585020989179611, 0.04577856883406639, 0.046169672161340714, 0.04590313881635666, 0.04613286256790161, 0.04584591090679169, 0.046263035386800766, 0.046542055904865265, 0.04586974158883095, 0.04544315114617348, 0.04569122567772865, 0.04673631116747856],