{"epochs": [1, 2, 3, 4, 5, 6, 7, 8, 9, 10, 11, 12, 13, 14, 15, 16, 17, 18, 19, 20, 21, 22, 23, 24, 25, 26, 27, 28, 29, 30, 31, 32, 33, 34, 35, 36, 37, 38, 39, 40, 41, 42, 43, 44, 45, 46, 47, 48, 49, 50, 51, 52, 53, 54, 55, 56, 57, 58, 59, 60, 61, 62, 63, 64, 65, 66, 67, 68, 69, 70, 71, 72, 73, 74, 75, 76, 77, 78, 79, 80, 81, 82, 83, 84, 85, 86, 87, 88, 89, 90, 91, 92, 93, 94, 95, 96, 97, 98, 99, 100], "acc": [0.690095841884613, 0.690095841884613, 0.690095841884613, 0.690095841884613, 0.690095841884613, 0.7007454633712769, 0.7401490807533264, 0.7625133395195007, 0.7827476263046265, 0.7838125824928284, 0.7859424948692322, 0.7816826701164246, 0.7838125824928284, 0.7902023196220398, 0.7816826701164246, 0.7774227857589722, 0.7816826701164246, 0.7806176543235779, 0.7848775386810303, 0.7784877419471741, 0.788072407245636, 0.7891373634338379, 0.788072407245636, 0.7838125824928284, 0.788072407245636, 0.7870074510574341, 0.7923322916030884, 0.7891373634338379, 0.7912673354148865, 0.7912673354148865, 0.7923322916030884, 0.7955271601676941, 0.7944622039794922, 0.7891373634338379, 0.7923322916030884, 0.7902023196220398, 0.7923322916030884, 0.7987220287322998, 0.7987220287322998, 0.796592116355896, 0.7955271601676941, 0.8040468692779541, 0.7997869849205017, 0.7997869849205017, 0.7987220287322998, 0.7997869849205017, 0.8029819130897522, 0.8019169569015503, 0.7987220287322998, 0.7987220287322998, 0.8008519411087036, 0.8008519411087036, 0.8072417378425598, 0.8029819130897522, 0.8083066940307617, 0.805111825466156, 0.8061767816543579, 0.8083066940307617, 0.805111825466156, 0.805111825466156, 0.8061767816543579, 0.8104366064071655, 0.8061767816543579, 0.8029819130897522, 0.8093716502189636, 0.8061767816543579, 0.8093716502189636, 0.8146964907646179, 0.8072417378425598, 0.8093716502189636, 0.8125665783882141, 0.8072417378425598, 0.8104366064071655, 0.8104366064071655, 0.8083066940307617, 0.8083066940307617, 0.8083066940307617, 0.813631534576416, 0.813631534576416, 0.8125665783882141, 0.8146964907646179, 0.8146964907646179, 0.8115016222000122, 0.8104366064071655, 0.8115016222000122, 0.8115016222000122, 0.8115016222000122, 0.8104366064071655, 0.813631534576416, 0.8115016222000122, 0.8146964907646179, 0.8115016222000122, 0.8146964907646179, 0.8061767816543579, 0.813631534576416, 0.813631534576416, 0.822151243686676, 0.813631534576416, 0.8168264031410217, 0.8104366064071655], "val_acc": [0.6680850982666016, 0.6680850982666016, 0.6680850982666016, 0.6680850982666016, 0.6680850982666016, 0.7617021203041077, 0.7319148778915405, 0.7957446575164795, 0.7702127695083618, 0.7872340679168701, 0.800000011920929, 0.7829787135124207, 0.7872340679168701, 0.7914893627166748, 0.7744680643081665, 0.7829787135124207, 0.7744680643081665, 0.7829787135124207, 0.7744680643081665, 0.778723418712616, 0.7872340679168701, 0.7829787135124207, 0.7829787135124207, 0.778723418712616, 0.7957446575164795, 0.7914893627166748, 0.7957446575164795, 0.7872340679168701, 0.7914893627166748, 0.8127659559249878, 0.7914893627166748, 0.7914893627166748, 0.8042553067207336, 0.7957446575164795, 0.800000011920929, 0.800000011920929, 0.800000011920929, 0.8042553067207336, 0.800000011920929, 0.8042553067207336, 0.8042553067207336, 0.8085106611251831, 0.8085106611251831, 0.8127659559249878, 0.8085106611251831, 0.8170212507247925, 0.8170212507247925, 0.8085106611251831, 0.8127659559249878, 0.8212766051292419, 0.8085106611251831, 0.8170212507247925, 0.8212766051292419, 0.8127659559249878, 0.8170212507247925, 0.8212766051292419, 0.8170212507247925, 0.8212766051292419, 0.8170212507247925, 0.8170212507247925, 0.8170212507247925, 0.8212766051292419, 0.8170212507247925, 0.8170212507247925, 0.8127659559249878, 0.8170212507247925, 0.8170212507247925, 0.8255318999290466, 0.8212766051292419, 0.8170212507247925, 0.8212766051292419, 0.8212766051292419, 0.8127659559249878, 0.8212766051292419, 0.8212766051292419, 0.8170212507247925, 0.8255318999290466, 0.8170212507247925, 0.8212766051292419, 0.8212766051292419, 0.8212766051292419, 0.8170212507247925, 0.8212766051292419, 0.8212766051292419, 0.8255318999290466, 0.8212766051292419, 0.8255318999290466, 0.8212766051292419, 0.8297872543334961, 0.8255318999290466, 0.8255318999290466, 0.8255318999290466, 0.8212766051292419, 0.8255318999290466, 0.8340425491333008, 0.8297872543334961, 0.8255318999290466, 0.8297872543334961, 0.8255318999290466, 0.8255318999290466], "loss": [0.07722193002700806, 0.05638427287340164, 0.05020957067608833, 0.03910912200808525, 0.030053282156586647, 0.024302465841174126, 0.020406905561685562, 0.016677305102348328, 0.013866361230611801, 0.011875085532665253, 0.01073796022683382, 0.010154053568840027, 0.009808823466300964, 0.009184910915791988, 0.008688682690262794, 0.008492044173181057, 0.008404001593589783, 0.008166922256350517, 0.008065451867878437, 0.008079985156655312, 0.007874314673244953, 0.007825557142496109, 0.007719808723777533, 0.007798247504979372, 0.007754495833069086, 0.007615812588483095, 0.007603415288031101, 0.00763547420501709, 0.007660950068384409, 0.007655952591449022, 0.007505862042307854, 0.007354837842285633, 0.007487158291041851, 0.0073284562677145, 0.007327279541641474, 0.0074601792730391026, 0.007262959145009518, 0.007338820956647396, 0.0072774263098835945, 0.007168847136199474, 0.007284232880920172, 0.00716811791062355, 0.007067542523145676, 0.007068161852657795, 0.007169345393776894, 0.0071816411800682545, 0.007190964184701443, 0.007191955111920834, 0.007220401894301176, 0.007093535270541906, 0.0071380347944796085, 0.007191804703325033, 0.007070727646350861, 0.007041865028440952, 0.00716493371874094, 0.007036230061203241, 0.00698860501870513, 0.007100076414644718, 0.006933537311851978, 0.006968244444578886, 0.006967415567487478, 0.007079639006406069, 0.006902962923049927, 0.007046133745461702, 0.006972680799663067, 0.006928888615220785, 0.006988244596868753, 0.006916709244251251, 0.0069159395061433315, 0.007120113354176283, 0.006845257245004177, 0.006982979364693165, 0.006883024703711271, 0.006972544360905886, 0.007000734563916922, 0.006834262516349554, 0.0071258884854614735, 0.00687909172847867, 0.006905223708599806, 0.006881372071802616, 0.0068343994207680225, 0.006931490730494261, 0.006833232939243317, 0.006979698780924082, 0.006833998486399651, 0.0067123170010745525, 0.006757175549864769, 0.006891425233334303, 0.006920484825968742, 0.006835819222033024, 0.0068997726775705814, 0.006808838807046413, 0.0069381725043058395, 0.006841748487204313, 0.006800299976021051, 0.006850480567663908, 0.006799293216317892, 0.006855792365968227, 0.00683935871347785, 0.006813897285610437],