{"epochs": [1, 2, 3, 4, 5, 6, 7, 8, 9, 10, 11, 12, 13, 14, 15, 16, 17, 18, 19, 20, 21, 22, 23, 24, 25, 26, 27, 28, 29, 30, 31, 32, 33, 34, 35, 36, 37, 38, 39, 40, 41, 42, 43, 44, 45, 46, 47, 48, 49, 50, 51, 52, 53, 54, 55, 56, 57, 58, 59, 60, 61, 62, 63, 64, 65, 66, 67, 68, 69, 70, 71, 72, 73, 74, 75, 76, 77, 78, 79, 80, 81, 82, 83, 84, 85, 86, 87, 88, 89, 90, 91, 92, 93, 94, 95, 96, 97, 98, 99, 100], "acc": [0.7267373204231262, 0.7379269599914551, 0.7279151678085327, 0.7055359482765198, 0.7420494556427002, 0.7567726969718933, 0.7579505443572998, 0.7738515734672546, 0.7732626795768738, 0.7797408699989319, 0.7785630226135254, 0.7932862043380737, 0.8009423017501831, 0.812131941318512, 0.8109540343284607, 0.8085983395576477, 0.8080094456672668, 0.8250883221626282, 0.8203769326210022, 0.8303886651992798, 0.8268551230430603, 0.8239104747772217, 0.8292108178138733, 0.831566572189331, 0.831566572189331, 0.833922266960144, 0.8262661695480347, 0.8262661695480347, 0.8327444195747375, 0.8380447626113892, 0.8309776186943054, 0.8327444195747375, 0.8345111608505249, 0.8374558091163635, 0.8392226099967957, 0.8398115634918213, 0.833922266960144, 0.8345111608505249, 0.8321554660797119, 0.836277961730957, 0.836277961730957, 0.8409894108772278, 0.8427562117576599, 0.8368669152259827, 0.8356890678405762, 0.8392226099967957, 0.8404004573822021, 0.8374558091163635, 0.8321554660797119, 0.8386337161064148, 0.8368669152259827, 0.8356890678405762, 0.8386337161064148, 0.8368669152259827, 0.8386337161064148, 0.8404004573822021, 0.836277961730957, 0.8297997713088989, 0.8356890678405762, 0.833922266960144, 0.833922266960144, 0.8374558091163635, 0.833922266960144, 0.8333333134651184, 0.8421672582626343, 0.8392226099967957, 0.8398115634918213, 0.8380447626113892, 0.8380447626113892, 0.8386337161064148, 0.8427562117576599, 0.8421672582626343, 0.8368669152259827, 0.8421672582626343, 0.8409894108772278, 0.8386337161064148, 0.8333333134651184, 0.8309776186943054, 0.8415783047676086, 0.836277961730957, 0.8409894108772278, 0.8368669152259827, 0.8392226099967957, 0.8327444195747375, 0.836277961730957, 0.8421672582626343, 0.8398115634918213, 0.8374558091163635, 0.8368669152259827, 0.836277961730957, 0.8427562117576599, 0.8380447626113892, 0.8345111608505249, 0.8368669152259827, 0.8392226099967957, 0.8398115634918213, 0.8457008004188538, 0.8386337161064148, 0.8392226099967957, 0.8374558091163635], "val_acc": [0.7176470756530762, 0.7435294389724731, 0.677647054195404, 0.7200000286102295, 0.748235285282135, 0.7599999904632568, 0.7623529434204102, 0.7647058963775635, 0.7764706015586853, 0.7764706015586853, 0.7811764478683472, 0.800000011920929, 0.8094117641448975, 0.8258823752403259, 0.8117647171020508, 0.818823516368866, 0.8282352685928345, 0.818823516368866, 0.8399999737739563, 0.8376470804214478, 0.8305882215499878, 0.8399999737739563, 0.8399999737739563, 0.8447058796882629, 0.8423529267311096, 0.8423529267311096, 0.8423529267311096, 0.8352941274642944, 0.8399999737739563, 0.8305882215499878, 0.8423529267311096, 0.8305882215499878, 0.8423529267311096, 0.8399999737739563, 0.8352941274642944, 0.8611764907836914, 0.8564705848693848, 0.8541176319122314, 0.8611764907836914, 0.8564705848693848, 0.8588235378265381, 0.8517646789550781, 0.8517646789550781, 0.8564705848693848, 0.8517646789550781, 0.8494117856025696, 0.8564705848693848, 0.8541176319122314, 0.8517646789550781, 0.8494117856025696, 0.8423529267311096, 0.8517646789550781, 0.8517646789550781, 0.8517646789550781, 0.8517646789550781, 0.8494117856025696, 0.8517646789550781, 0.8423529267311096, 0.8447058796882629, 0.8470588326454163, 0.8447058796882629, 0.8517646789550781, 0.8494117856025696, 0.8470588326454163, 0.8494117856025696, 0.8588235378265381, 0.8470588326454163, 0.8470588326454163, 0.8494117856025696, 0.8588235378265381, 0.8494117856025696, 0.8541176319122314, 0.8517646789550781, 0.8517646789550781, 0.8517646789550781, 0.8564705848693848, 0.8541176319122314, 0.8470588326454163, 0.8517646789550781, 0.8423529267311096, 0.8517646789550781, 0.8470588326454163, 0.8447058796882629, 0.8494117856025696, 0.8447058796882629, 0.8470588326454163, 0.8447058796882629, 0.8423529267311096, 0.8541176319122314, 0.8517646789550781, 0.8376470804214478, 0.8494117856025696, 0.8564705848693848, 0.8588235378265381, 0.8047058582305908, 0.8541176319122314, 0.8541176319122314, 0.8588235378265381, 0.8399999737739563, 0.8564705848693848], "loss": [0.07790611684322357, 0.03911396861076355, 0.017104430124163628, 0.01025132741779089, 0.008595844730734825, 0.007721202448010445, 0.007201502565294504, 0.006716778967529535, 0.0062791937962174416, 0.006124155595898628, 0.005795758683234453, 0.005773778539150953, 0.0055418130941689014, 0.005347952246665955, 0.005318690091371536, 0.005185375455766916, 0.005024484824389219, 0.005043784622102976, 0.005160514730960131, 0.0049208104610443115, 0.005342717748135328, 0.004870431963354349, 0.0047955890186131, 0.004722071811556816, 0.004870608914643526, 0.004742406774312258, 0.004699925892055035, 0.004727821797132492, 0.004560647998005152, 0.004513502586632967, 0.004622957669198513, 0.004612270276993513, 0.00452001066878438, 0.004457490518689156, 0.004502737428992987, 0.0045592342503368855, 0.004496245179325342, 0.004382017534226179, 0.004358569160103798, 0.004511806648224592, 0.004404354374855757, 0.004478348419070244, 0.004388266243040562, 0.004510826431214809, 0.004422042053192854, 0.004285181872546673, 0.004406759515404701, 0.004196416586637497, 0.004325586836785078, 0.0042113205417990685, 0.004179198294878006, 0.004236452281475067, 0.004252645652741194, 0.0041756643913686275, 0.004211830906569958, 0.004180649295449257, 0.004146271385252476, 0.0042751990258693695, 0.0040837922133505344, 0.004096943885087967, 0.004043398890644312, 0.004147273488342762, 0.004272976890206337, 0.004257527180016041, 0.00408300431445241, 0.00414761109277606, 0.004009071737527847, 0.0040275021456182, 0.003960698843002319, 0.003952063620090485, 0.004101504571735859, 0.0039829290471971035, 0.0039401282556355, 0.0038753824774175882, 0.00407754722982645, 0.0040819416753947735, 0.00391808059066534, 0.003907490521669388, 0.00397572573274374, 0.0038718439172953367, 0.0039050125051289797, 0.003850481705740094, 0.003946044947952032, 0.003978370223194361, 0.003774982411414385, 0.0038147536106407642, 0.0038799881003797054, 0.003943920135498047, 0.003853454487398267, 0.0037822765298187733, 0.003777956124395132, 0.003940526861697435, 0.0038080429658293724, 0.003927647136151791, 0.003852954600006342, 0.0038375931326299906, 0.0038899595383554697, 0.0038107321597635746, 0.0037324342411011457, 0.0037338731344789267],