{"epochs": [1, 2, 3, 4, 5, 6, 7, 8, 9, 10, 11, 12, 13, 14, 15, 16, 17, 18, 19, 20, 21, 22, 23, 24, 25, 26, 27, 28, 29, 30, 31, 32, 33, 34, 35, 36, 37, 38, 39, 40, 41, 42, 43, 44, 45, 46, 47, 48, 49, 50, 51, 52, 53, 54, 55, 56, 57, 58, 59, 60, 61, 62, 63, 64, 65, 66, 67, 68, 69, 70, 71, 72, 73, 74, 75, 76, 77, 78, 79, 80, 81, 82, 83, 84, 85, 86, 87, 88, 89, 90, 91, 92, 93, 94, 95, 96, 97, 98, 99, 100], "acc": [0.6866902112960815, 0.7915194630622864, 0.8062426447868347, 0.796819806098938, 0.8150765895843506, 0.8250883221626282, 0.8209658265113831, 0.8239104747772217, 0.8203769326210022, 0.814487636089325, 0.8250883221626282, 0.8292108178138733, 0.8215547800064087, 0.8191990852355957, 0.8150765895843506, 0.8239104747772217, 0.8227326273918152, 0.8180211782455444, 0.8303886651992798, 0.8174322843551636, 0.8239104747772217, 0.812131941318512, 0.8191990852355957, 0.8233215808868408, 0.8180211782455444, 0.8203769326210022, 0.8174322843551636, 0.8256772756576538, 0.8262661695480347, 0.8162544369697571, 0.8138986825942993, 0.8215547800064087, 0.8374558091163635, 0.8032979965209961, 0.8162544369697571, 0.8292108178138733, 0.8227326273918152, 0.8209658265113831, 0.8233215808868408, 0.8209658265113831, 0.8268551230430603, 0.8244994282722473, 0.8256772756576538, 0.8327444195747375, 0.831566572189331, 0.8374558091163635, 0.8280329704284668, 0.8221436738967896, 0.8327444195747375, 0.8321554660797119, 0.8239104747772217, 0.8398115634918213, 0.836277961730957, 0.8274440765380859, 0.8309776186943054, 0.833922266960144, 0.8415783047676086, 0.8457008004188538, 0.8368669152259827, 0.8439340591430664, 0.8421672582626343, 0.8427562117576599, 0.836277961730957, 0.8427562117576599, 0.8351001143455505, 0.8386337161064148, 0.8421672582626343, 0.8398115634918213, 0.8274440765380859, 0.8309776186943054, 0.8404004573822021, 0.8398115634918213, 0.8303886651992798, 0.8386337161064148, 0.8386337161064148, 0.8421672582626343, 0.8398115634918213, 0.8351001143455505, 0.8392226099967957, 0.8398115634918213, 0.8374558091163635, 0.8374558091163635, 0.8380447626113892, 0.8421672582626343, 0.8445229530334473, 0.8427562117576599, 0.8439340591430664, 0.8486454486846924, 0.8427562117576599, 0.836277961730957, 0.8439340591430664, 0.8474676012992859, 0.8427562117576599, 0.8351001143455505, 0.8433451056480408, 0.833922266960144, 0.8445229530334473, 0.8351001143455505, 0.8421672582626343, 0.8356890678405762], "val_acc": [0.6611764430999756, 0.8258823752403259, 0.8047058582305908, 0.8258823752403259, 0.8282352685928345, 0.8376470804214478, 0.8094117641448975, 0.8070588111877441, 0.8305882215499878, 0.8235294222831726, 0.8141176700592041, 0.8117647171020508, 0.8211764693260193, 0.8023529648780823, 0.8423529267311096, 0.8541176319122314, 0.8352941274642944, 0.8494117856025696, 0.8399999737739563, 0.8282352685928345, 0.8070588111877441, 0.8399999737739563, 0.8258823752403259, 0.8399999737739563, 0.8282352685928345, 0.8423529267311096, 0.8258823752403259, 0.8305882215499878, 0.8164705634117126, 0.8329411745071411, 0.8094117641448975, 0.8329411745071411, 0.8164705634117126, 0.8164705634117126, 0.8329411745071411, 0.8423529267311096, 0.8447058796882629, 0.8470588326454163, 0.8399999737739563, 0.8282352685928345, 0.8282352685928345, 0.8423529267311096, 0.8470588326454163, 0.8376470804214478, 0.8423529267311096, 0.8447058796882629, 0.8282352685928345, 0.8352941274642944, 0.8376470804214478, 0.8164705634117126, 0.8564705848693848, 0.8329411745071411, 0.8564705848693848, 0.8447058796882629, 0.8447058796882629, 0.8517646789550781, 0.8470588326454163, 0.8352941274642944, 0.8329411745071411, 0.8541176319122314, 0.8305882215499878, 0.8494117856025696, 0.8470588326454163, 0.8352941274642944, 0.8611764907836914, 0.8447058796882629, 0.8541176319122314, 0.8376470804214478, 0.8494117856025696, 0.8494117856025696, 0.8352941274642944, 0.8541176319122314, 0.8329411745071411, 0.8305882215499878, 0.8588235378265381, 0.8447058796882629, 0.8494117856025696, 0.8541176319122314, 0.8564705848693848, 0.8541176319122314, 0.8470588326454163, 0.8564705848693848, 0.8517646789550781, 0.8517646789550781, 0.8423529267311096, 0.8470588326454163, 0.8423529267311096, 0.8447058796882629, 0.8517646789550781, 0.8541176319122314, 0.8141176700592041, 0.8541176319122314, 0.8517646789550781, 0.8470588326454163, 0.8352941274642944, 0.8635293841362, 0.8564705848693848, 0.8494117856025696, 0.8541176319122314, 0.8423529267311096], "loss": [0.05397571623325348, 0.01451050490140915, 0.00909939780831337, 0.008293726481497288, 0.006854173727333546, 0.006762754172086716, 0.006122518330812454, 0.005513420328497887, 0.005471028853207827, 0.005569837521761656, 0.0052248453721404076, 0.005304383113980293, 0.004950704984366894, 0.005191687494516373, 0.004676860757172108, 0.0051534599624574184, 0.004780170973390341, 0.004677803721278906, 0.004447902552783489, 0.004717534873634577, 0.004607276059687138, 0.004606442525982857, 0.004350282717496157, 0.0043471925891935825, 0.004422733094543219, 0.004389706067740917, 0.004524277523159981, 0.004300849977880716, 0.004560145083814859, 0.004134064074605703, 0.004234854131937027, 0.00410498445853591, 0.0041518728248775005, 0.005545965861529112, 0.004140716046094894, 0.004054953344166279, 0.003946383949369192, 0.004212778992950916, 0.004048922564834356, 0.003817179938778281, 0.003936756402254105, 0.004102176986634731, 0.0038927870336920023, 0.003706669434905052, 0.004007612355053425, 0.004030152224004269, 0.00412520207464695, 0.003893371671438217, 0.003849487751722336, 0.003921411000192165, 0.0043186224065721035, 0.0039811329916119576, 0.0040733651258051395, 0.0039054190274327993, 0.004018303472548723, 0.003798286896198988, 0.00410038884729147, 0.004063549917191267, 0.0037162492517381907, 0.003852339694276452, 0.003777923760935664, 0.0038530719466507435, 0.003838625503703952, 0.0037933499552309513, 0.0039464193396270275, 0.004260201007127762, 0.0037360365968197584, 0.0038285080809146166, 0.0038969293236732483, 0.004040204919874668, 0.0038607115857303143, 0.0036603454500436783, 0.004195208661258221, 0.003799782134592533, 0.0045007821172475815, 0.0038965106941759586, 0.0036571547389030457, 0.003742010798305273, 0.0038030941504985094, 0.003767230547964573, 0.0038817173335701227, 0.0038138616364449263, 0.0037439116276800632, 0.003941635135561228, 0.00362640549428761, 0.0037179002538323402, 0.0037776159588247538, 0.003792461706325412, 0.003700362052768469, 0.003647350938990712, 0.003774073673412204, 0.0037584721576422453, 0.003909074701368809, 0.003712097182869911, 0.003815323580056429, 0.0040038288570940495, 0.0037804099265486, 0.003767442423850298, 0.00403640465810895, 0.0038194803055375814],