{"epochs": [1, 2, 3, 4, 5, 6, 7, 8, 9, 10, 11, 12, 13, 14, 15, 16, 17, 18, 19, 20, 21, 22, 23, 24, 25, 26, 27, 28, 29, 30, 31, 32, 33, 34, 35, 36, 37, 38, 39, 40, 41, 42, 43, 44, 45, 46, 47, 48, 49, 50, 51, 52, 53, 54, 55, 56, 57, 58, 59, 60, 61, 62, 63, 64, 65, 66, 67, 68, 69, 70, 71, 72, 73, 74, 75, 76, 77, 78, 79, 80, 81, 82, 83, 84, 85, 86, 87, 88, 89, 90, 91, 92, 93, 94, 95, 96, 97, 98, 99, 100], "acc": [0.5700038075447083, 0.8147295713424683, 0.8227847814559937, 0.8304564356803894, 0.8450326323509216, 0.8457997441291809, 0.8335251212120056, 0.8289221525192261, 0.8277713656425476, 0.8312236070632935, 0.8346758484840393, 0.8296893239021301, 0.8293057084083557, 0.8285385370254517, 0.8308400511741638, 0.8293057084083557, 0.8212504982948303, 0.8082086443901062, 0.8204833269119263, 0.816647469997406, 0.8270041942596436, 0.8293057084083557, 0.8112773299217224, 0.8270041942596436, 0.8162639141082764, 0.8212504982948303, 0.8085922598838806, 0.8289221525192261, 0.8070579171180725, 0.815880298614502, 0.8120445013046265, 0.816647469997406, 0.8262370824813843, 0.822401225566864, 0.8151131272315979, 0.8235519528388977, 0.8304564356803894, 0.8327579498291016, 0.8266206383705139, 0.8308400511741638, 0.8135788440704346, 0.8124280571937561, 0.8258534669876099, 0.8285385370254517, 0.8181818127632141, 0.8143460154533386, 0.8277713656425476, 0.8408132195472717, 0.8235519528388977, 0.82163405418396, 0.8220176696777344, 0.82163405418396, 0.8385117053985596, 0.8423475027084351, 0.8342922925949097, 0.8247027397155762, 0.846566915512085, 0.8392788767814636, 0.8427311182022095, 0.8423475027084351, 0.8561565279960632, 0.8423475027084351, 0.8507863283157349, 0.8438818454742432, 0.841580331325531, 0.8312236070632935, 0.8385117053985596, 0.8477177023887634, 0.8477177023887634, 0.8461833596229553, 0.8362101912498474, 0.8308400511741638, 0.8461833596229553, 0.8500191569328308, 0.833141565322876, 0.8565400838851929, 0.8434982895851135, 0.8481012582778931, 0.8507863283157349, 0.833141565322876, 0.8561565279960632, 0.8446490168571472, 0.841580331325531, 0.841580331325531, 0.846566915512085, 0.8515534996986389, 0.8385117053985596, 0.8319907784461975, 0.8434982895851135, 0.8388952612876892, 0.82163405418396, 0.8438818454742432, 0.8481012582778931, 0.8396624326705933, 0.8534713983535767, 0.8538550138473511, 0.8507863283157349, 0.8377445340156555, 0.841580331325531, 0.8504027724266052], "val_acc": [0.7653374075889587, 0.803680956363678, 0.8236196041107178, 0.8190184235572815, 0.8098159432411194, 0.800613522529602, 0.8052147030830383, 0.842024564743042, 0.7806748747825623, 0.8220859169960022, 0.8358895778656006, 0.7822085618972778, 0.7990797758102417, 0.7822085618972778, 0.8236196041107178, 0.7776073813438416, 0.8205521702766418, 0.7929447889328003, 0.8144171833992004, 0.8098159432411194, 0.8251533508300781, 0.7653374075889587, 0.8067484498023987, 0.808282196521759, 0.8358895778656006, 0.7638036608695984, 0.7990797758102417, 0.762269914150238, 0.7929447889328003, 0.8282208442687988, 0.7638036608695984, 0.8067484498023987, 0.8190184235572815, 0.7638036608695984, 0.7684049010276794, 0.7806748747825623, 0.808282196521759, 0.7791411280632019, 0.8343558311462402, 0.800613522529602, 0.8067484498023987, 0.7929447889328003, 0.8128834366798401, 0.8052147030830383, 0.8067484498023987, 0.7914110422134399, 0.8098159432411194, 0.7852760553359985, 0.8297545909881592, 0.7745398879051208, 0.75, 0.8067484498023987, 0.8328220844268799, 0.7883435487747192, 0.8067484498023987, 0.8251533508300781, 0.8266870975494385, 0.8220859169960022, 0.808282196521759, 0.8174846768379211, 0.8358895778656006, 0.8236196041107178, 0.842024564743042, 0.800613522529602, 0.8328220844268799, 0.8343558311462402, 0.7914110422134399, 0.8312883377075195, 0.8312883377075195, 0.8190184235572815, 0.8220859169960022, 0.8067484498023987, 0.8174846768379211, 0.8435583114624023, 0.800613522529602, 0.8174846768379211, 0.8404908180236816, 0.8113496899604797, 0.8052147030830383, 0.7975460290908813, 0.803680956363678, 0.8220859169960022, 0.8174846768379211, 0.8312883377075195, 0.8021472096443176, 0.8205521702766418, 0.8205521702766418, 0.8159509301185608, 0.8251533508300781, 0.8098159432411194, 0.8312883377075195, 0.8159509301185608, 0.8251533508300781, 0.8251533508300781, 0.7975460290908813, 0.8236196041107178, 0.808282196521759, 0.8266870975494385, 0.8052147030830383, 0.8312883377075195], "loss": [0.1719508171081543, 0.07318185269832611, 0.06342104822397232, 0.05916968733072281, 0.05598795786499977, 0.055805958807468414, 0.05542604997754097, 0.05662992596626282, 0.05449056252837181, 0.05393266677856445, 0.05430096015334129, 0.05316977947950363, 0.052510615438222885, 0.052190665155649185, 0.055097632110118866, 0.05232713371515274, 0.05326785147190094, 0.05193914473056793, 0.05190584808588028, 0.053566914051771164, 0.05218679830431938, 0.05141947418451309, 0.05064843222498894, 0.04973309487104416, 0.050276018679142, 0.050586484372615814, 0.04977491497993469, 0.049721427261829376, 0.04947042092680931, 0.05024465173482895, 0.048895325511693954, 0.049363091588020325, 0.04919574782252312, 0.04973231628537178, 0.04916715621948242, 0.04916229099035263, 0.04770011454820633, 0.0482013076543808, 0.04883730411529541, 0.04885396733880043, 0.04797154292464256, 0.047722164541482925, 0.04851314797997475, 0.048426996916532516, 0.047799404710531235, 0.048036832362413406, 0.04758472368121147, 0.04739955812692642, 0.048016466200351715, 0.04756288230419159, 0.04759259894490242, 0.04749085381627083, 0.04808339849114418, 0.04805884510278702, 0.04808928072452545, 0.0479126013815403, 0.04692711681127548, 0.04723658412694931, 0.047375019639730453, 0.048281244933605194, 0.047631967812776566, 0.047624457627534866, 0.046794671565294266, 0.04697227478027344, 0.04666312038898468, 0.04754659906029701, 0.0472804456949234, 0.04693284258246422, 0.04715876281261444, 0.04685055837035179, 0.04699350893497467, 0.046536900103092194, 0.04697514697909355, 0.046707529574632645, 0.04700860381126404, 0.04634643718600273, 0.0469638966023922, 0.0462433286011219, 0.04706418141722679, 0.046409208327531815, 0.04654495418071747, 0.04694356769323349, 0.04697045683860779, 0.046609066426754, 0.04723862558603287, 0.046228278428316116, 0.04603669419884682, 0.046453334391117096, 0.046269696205854416, 0.04588138312101364, 0.04820170998573303, 0.04681285098195076, 0.04631241038441658, 0.04626501351594925, 0.046428848057985306, 0.04722454026341438, 0.046090662479400635, 0.04619358479976654, 0.04597032442688942, 0.04695815220475197],