{"epochs": [1, 2, 3, 4, 5, 6, 7, 8, 9, 10, 11, 12, 13, 14, 15, 16, 17, 18, 19, 20, 21, 22, 23, 24, 25, 26, 27, 28, 29, 30, 31, 32, 33, 34, 35, 36, 37, 38, 39, 40, 41, 42, 43, 44, 45, 46, 47, 48, 49, 50, 51, 52, 53, 54, 55, 56, 57, 58, 59, 60, 61, 62, 63, 64, 65, 66, 67, 68, 69, 70, 71, 72, 73, 74, 75, 76, 77, 78, 79, 80, 81, 82, 83, 84, 85, 86, 87, 88, 89, 90, 91, 92, 93, 94, 95, 96, 97, 98, 99, 100], "acc": [0.6922257542610168, 0.7720980048179626, 0.7784877419471741, 0.7838125824928284, 0.7859424948692322, 0.805111825466156, 0.7944622039794922, 0.8040468692779541, 0.8178913593292236, 0.8104366064071655, 0.8296059370040894, 0.8296059370040894, 0.8146964907646179, 0.8232161998748779, 0.8253461122512817, 0.830670952796936, 0.8242811560630798, 0.8274760246276855, 0.8296059370040894, 0.830670952796936, 0.830670952796936, 0.8349307775497437, 0.8338658213615417, 0.8296059370040894, 0.8264110684394836, 0.8413205742835999, 0.8274760246276855, 0.8328008651733398, 0.8338658213615417, 0.8370606899261475, 0.8423855304718018, 0.840255618095398, 0.840255618095398, 0.8328008651733398, 0.8296059370040894, 0.8317359089851379, 0.8381256461143494, 0.8434504866600037, 0.8328008651733398, 0.8328008651733398, 0.8381256461143494, 0.8391906023025513, 0.8349307775497437, 0.8370606899261475, 0.840255618095398, 0.8317359089851379, 0.8391906023025513, 0.8445154428482056, 0.8477103114128113, 0.8477103114128113, 0.8391906023025513, 0.8381256461143494, 0.840255618095398, 0.8370606899261475, 0.8359957337379456, 0.8370606899261475, 0.8349307775497437, 0.8423855304718018, 0.8349307775497437, 0.840255618095398, 0.8359957337379456, 0.8349307775497437, 0.830670952796936, 0.8381256461143494, 0.8434504866600037, 0.840255618095398, 0.8434504866600037, 0.8349307775497437, 0.8370606899261475, 0.840255618095398, 0.8413205742835999, 0.840255618095398, 0.8359957337379456, 0.8317359089851379, 0.8349307775497437, 0.8391906023025513, 0.8370606899261475, 0.8413205742835999, 0.840255618095398, 0.8338658213615417, 0.8413205742835999, 0.8391906023025513, 0.8381256461143494, 0.8413205742835999, 0.8349307775497437, 0.8317359089851379, 0.8381256461143494, 0.8391906023025513, 0.8370606899261475, 0.8423855304718018, 0.8391906023025513, 0.8381256461143494, 0.8413205742835999, 0.8391906023025513, 0.8434504866600037, 0.8455803990364075, 0.8477103114128113, 0.8455803990364075, 0.8413205742835999, 0.8466453552246094], "val_acc": [0.7617021203041077, 0.800000011920929, 0.8042553067207336, 0.8085106611251831, 0.8127659559249878, 0.8170212507247925, 0.8340425491333008, 0.8170212507247925, 0.8255318999290466, 0.8085106611251831, 0.8255318999290466, 0.8382978439331055, 0.8170212507247925, 0.8382978439331055, 0.8340425491333008, 0.8340425491333008, 0.8425531983375549, 0.8382978439331055, 0.8425531983375549, 0.8340425491333008, 0.8425531983375549, 0.8340425491333008, 0.8468084931373596, 0.8425531983375549, 0.8297872543334961, 0.8468084931373596, 0.8425531983375549, 0.8468084931373596, 0.8510638475418091, 0.8425531983375549, 0.8468084931373596, 0.8468084931373596, 0.8510638475418091, 0.8340425491333008, 0.8468084931373596, 0.8468084931373596, 0.8468084931373596, 0.8340425491333008, 0.8425531983375549, 0.8297872543334961, 0.8510638475418091, 0.8425531983375549, 0.8382978439331055, 0.8340425491333008, 0.8468084931373596, 0.8468084931373596, 0.8297872543334961, 0.8553191423416138, 0.8340425491333008, 0.8468084931373596, 0.8468084931373596, 0.8425531983375549, 0.8468084931373596, 0.8510638475418091, 0.8510638475418091, 0.8510638475418091, 0.8425531983375549, 0.8425531983375549, 0.8510638475418091, 0.8510638475418091, 0.8510638475418091, 0.8553191423416138, 0.8468084931373596, 0.8510638475418091, 0.8340425491333008, 0.8340425491333008, 0.8510638475418091, 0.8468084931373596, 0.8425531983375549, 0.8553191423416138, 0.8553191423416138, 0.8510638475418091, 0.8425531983375549, 0.8510638475418091, 0.8425531983375549, 0.8510638475418091, 0.8553191423416138, 0.8425531983375549, 0.8468084931373596, 0.8425531983375549, 0.8468084931373596, 0.8510638475418091, 0.8510638475418091, 0.8382978439331055, 0.8297872543334961, 0.8468084931373596, 0.8510638475418091, 0.8468084931373596, 0.8510638475418091, 0.8425531983375549, 0.8425531983375549, 0.8510638475418091, 0.8382978439331055, 0.8510638475418091, 0.8553191423416138, 0.8425531983375549, 0.8468084931373596, 0.8468084931373596, 0.8510638475418091, 0.8468084931373596], "loss": [0.05361036956310272, 0.024347618222236633, 0.01094280555844307, 0.008977984078228474, 0.00802296306937933, 0.007836279459297657, 0.0073708039708435535, 0.007248586975038052, 0.0072022066451609135, 0.007319113705307245, 0.0071812281385064125, 0.007065123878419399, 0.006923900917172432, 0.00693772966042161, 0.007208553608506918, 0.006845586933195591, 0.0068834866397082806, 0.006920680403709412, 0.006912680342793465, 0.007222031243145466, 0.006691131740808487, 0.0066834669560194016, 0.006829767022281885, 0.006805706769227982, 0.006703939754515886, 0.00676006032153964, 0.0069361100904643536, 0.006830326747149229, 0.006814989261329174, 0.006719700992107391, 0.00691438652575016, 0.0068426430225372314, 0.006883740425109863, 0.006687997840344906, 0.006664472632110119, 0.006719399709254503, 0.006596603896468878, 0.006690254434943199, 0.006728423293679953, 0.0066963061690330505, 0.0067217699252069, 0.00666446890681982, 0.006783553399145603, 0.006714096292853355, 0.0068626245483756065, 0.006646749097853899, 0.0066805328242480755, 0.006921360734850168, 0.006723375525325537, 0.006566463969647884, 0.006785036996006966, 0.006640548352152109, 0.0068612354807555676, 0.006617737002670765, 0.0065848748199641705, 0.006609780248254538, 0.006653494201600552, 0.006860740482807159, 0.006665973458439112, 0.0067411246709525585, 0.00689649535343051, 0.006595624145120382, 0.006657348945736885, 0.006716082338243723, 0.006670922972261906, 0.0063943821005523205, 0.006605392787605524, 0.006836278364062309, 0.006675135809928179, 0.006618369370698929, 0.006752516608685255, 0.006582098547369242, 0.0065404740162193775, 0.0066768452525138855, 0.006663952022790909, 0.006553541868925095, 0.006631046533584595, 0.006849267054349184, 0.00673497561365366, 0.006532181985676289, 0.006839175242930651, 0.006742728408426046, 0.006549606565386057, 0.006604430265724659, 0.006644071079790592, 0.006651862990111113, 0.006713500712066889, 0.006616885308176279, 0.006622626446187496, 0.0065099941566586494, 0.006628217175602913, 0.0065875365398824215, 0.0066316272132098675, 0.006549632176756859, 0.006604467518627644, 0.006550366058945656, 0.0064554037526249886, 0.006527349352836609, 0.006528968922793865, 0.006600033957511187],