{"epochs": [1, 2, 3, 4, 5, 6, 7, 8, 9, 10, 11, 12, 13, 14, 15, 16, 17, 18, 19, 20, 21, 22, 23, 24, 25, 26, 27, 28, 29, 30, 31, 32, 33, 34, 35, 36, 37, 38, 39, 40, 41, 42, 43, 44, 45, 46, 47, 48, 49, 50, 51, 52, 53, 54, 55, 56, 57, 58, 59, 60, 61, 62, 63, 64, 65, 66, 67, 68, 69, 70, 71, 72, 73, 74, 75, 76, 77, 78, 79, 80, 81, 82, 83, 84, 85, 86, 87, 88, 89, 90, 91, 92, 93, 94, 95, 96, 97, 98, 99, 100], "acc": [0.7395473718643188, 0.6701189279556274, 0.7395473718643188, 0.7652474045753479, 0.7207518219947815, 0.7782891988754272, 0.8404296040534973, 0.8500191569328308, 0.8457997441291809, 0.8373609781265259, 0.8262370824813843, 0.8250862956047058, 0.8235519528388977, 0.8235519528388977, 0.8289221525192261, 0.8239355683326721, 0.8262370824813843, 0.8293057084083557, 0.8296893239021301, 0.8285385370254517, 0.8342922925949097, 0.8308400511741638, 0.8316072225570679, 0.8277713656425476, 0.8373609781265259, 0.8377445340156555, 0.8362101912498474, 0.8335251212120056, 0.8400460481643677, 0.8438818454742432, 0.841580331325531, 0.8392788767814636, 0.8381280899047852, 0.8404296040534973, 0.8373609781265259, 0.8369773626327515, 0.8365938067436218, 0.8369773626327515, 0.8400460481643677, 0.8388952612876892, 0.8404296040534973, 0.8404296040534973, 0.8377445340156555, 0.8385117053985596, 0.8342922925949097, 0.8381280899047852, 0.8442654609680176, 0.8427311182022095, 0.8438818454742432, 0.8408132195472717, 0.8431146740913391, 0.846566915512085, 0.8400460481643677, 0.8427311182022095, 0.8388952612876892, 0.8431146740913391, 0.833141565322876, 0.8396624326705933, 0.8358266353607178, 0.8388952612876892, 0.8350594639778137, 0.8381280899047852, 0.8396624326705933, 0.8392788767814636, 0.8400460481643677, 0.8392788767814636, 0.8434982895851135, 0.8381280899047852, 0.8369773626327515, 0.8350594639778137, 0.8388952612876892, 0.8442654609680176, 0.8377445340156555, 0.8388952612876892, 0.8438818454742432, 0.8354430198669434, 0.8381280899047852, 0.8362101912498474, 0.841580331325531, 0.8358266353607178, 0.8346758484840393, 0.8392788767814636, 0.8308400511741638, 0.8377445340156555, 0.8285385370254517, 0.8327579498291016, 0.83390873670578, 0.8323743939399719, 0.8346758484840393, 0.8254699110984802, 0.8365938067436218, 0.833141565322876, 0.8346758484840393, 0.8365938067436218, 0.8327579498291016, 0.833141565322876, 0.8354430198669434, 0.8365938067436218, 0.8335251212120056, 0.8254699110984802], "val_acc": [0.6226993799209595, 0.6871165633201599, 0.7254601120948792, 0.6886503100395203, 0.7699386477470398, 0.7806748747825623, 0.8067484498023987, 0.8220859169960022, 0.8220859169960022, 0.8052147030830383, 0.7975460290908813, 0.7914110422134399, 0.800613522529602, 0.803680956363678, 0.800613522529602, 0.8052147030830383, 0.7990797758102417, 0.800613522529602, 0.800613522529602, 0.800613522529602, 0.803680956363678, 0.8021472096443176, 0.8052147030830383, 0.800613522529602, 0.803680956363678, 0.8021472096443176, 0.808282196521759, 0.808282196521759, 0.8144171833992004, 0.8067484498023987, 0.8144171833992004, 0.8113496899604797, 0.8067484498023987, 0.8128834366798401, 0.8144171833992004, 0.8067484498023987, 0.8144171833992004, 0.8113496899604797, 0.8144171833992004, 0.8159509301185608, 0.8128834366798401, 0.8113496899604797, 0.8128834366798401, 0.8159509301185608, 0.8159509301185608, 0.8220859169960022, 0.8144171833992004, 0.8205521702766418, 0.8220859169960022, 0.8205521702766418, 0.8190184235572815, 0.8312883377075195, 0.8236196041107178, 0.8266870975494385, 0.8159509301185608, 0.8174846768379211, 0.8067484498023987, 0.8174846768379211, 0.8236196041107178, 0.8297545909881592, 0.8190184235572815, 0.8220859169960022, 0.8174846768379211, 0.8220859169960022, 0.8144171833992004, 0.8159509301185608, 0.8205521702766418, 0.8174846768379211, 0.8205521702766418, 0.8312883377075195, 0.8174846768379211, 0.8174846768379211, 0.8128834366798401, 0.8251533508300781, 0.8190184235572815, 0.8190184235572815, 0.8067484498023987, 0.8113496899604797, 0.8098159432411194, 0.8297545909881592, 0.8144171833992004, 0.8113496899604797, 0.8266870975494385, 0.8113496899604797, 0.8282208442687988, 0.8159509301185608, 0.8190184235572815, 0.8190184235572815, 0.8144171833992004, 0.8174846768379211, 0.8190184235572815, 0.8205521702766418, 0.8113496899604797, 0.8205521702766418, 0.8128834366798401, 0.8113496899604797, 0.8128834366798401, 0.8190184235572815, 0.808282196521759, 0.808282196521759], "loss": [0.24760010838508606, 0.20097453892230988, 0.1715598702430725, 0.15200544893741608, 0.13333874940872192, 0.1160847470164299, 0.10161028057336807, 0.09161168336868286, 0.08521751314401627, 0.08095530420541763, 0.07829919457435608, 0.07620177417993546, 0.07454695552587509, 0.07352201640605927, 0.07235424965620041, 0.07042037695646286, 0.0690242126584053, 0.06789250671863556, 0.06704903393983841, 0.06606681644916534, 0.06523966044187546, 0.06428822875022888, 0.06374645978212357, 0.06303516030311584, 0.0628669261932373, 0.06213371828198433, 0.06165391951799393, 0.06124216690659523, 0.06076620891690254, 0.06040611118078232, 0.06020556390285492, 0.05984202027320862, 0.059477102011442184, 0.05904880911111832, 0.059057530015707016, 0.058640994131565094, 0.05864748731255531, 0.05832573026418686, 0.05790656432509422, 0.05789051577448845, 0.057772401720285416, 0.05766637623310089, 0.05724221467971802, 0.057395078241825104, 0.057001885026693344, 0.05688273534178734, 0.05682511627674103, 0.056749291718006134, 0.05672850087285042, 0.056377168744802475, 0.056324198842048645, 0.056069184094667435, 0.05611274763941765, 0.05589839816093445, 0.055883314460515976, 0.055785171687603, 0.05564054474234581, 0.05564846843481064, 0.05555771291255951, 0.05555789917707443, 0.05521908774971962, 0.05531332269310951, 0.05515475198626518, 0.05518665537238121, 0.05510179325938225, 0.05518767610192299, 0.05522659048438072, 0.0550505667924881, 0.055118128657341, 0.055479224771261215, 0.055017370730638504, 0.05515415966510773, 0.05481646582484245, 0.055260222405195236, 0.05498214438557625, 0.054627031087875366, 0.0546204075217247, 0.054871976375579834, 0.05472894012928009, 0.05459493026137352, 0.0545470155775547, 0.054621096700429916, 0.054500073194503784, 0.05457659065723419, 0.05450668931007385, 0.05428393557667732, 0.05420717969536781, 0.05446668341755867, 0.054496441036462784, 0.05432717129588127, 0.054243456572294235, 0.054295483976602554, 0.05435548722743988, 0.054215479642152786, 0.05435597524046898, 0.05405299365520477, 0.05423193797469139, 0.05443504825234413, 0.05416994169354439, 0.05444413796067238],