{"epochs": [1, 2, 3, 4, 5, 6, 7, 8, 9, 10, 11, 12, 13, 14, 15, 16, 17, 18, 19, 20, 21, 22, 23, 24, 25, 26, 27, 28, 29, 30, 31, 32, 33, 34, 35, 36, 37, 38, 39, 40, 41, 42, 43, 44, 45, 46, 47, 48, 49, 50, 51, 52, 53, 54, 55, 56, 57, 58, 59, 60, 61, 62, 63, 64, 65, 66, 67, 68, 69, 70, 71, 72, 73, 74, 75, 76, 77, 78, 79, 80, 81, 82, 83, 84, 85, 86, 87, 88, 89, 90, 91, 92, 93, 94, 95, 96, 97, 98, 99, 100], "acc": [0.6389870643615723, 0.648409903049469, 0.8068315386772156, 0.8268551230430603, 0.8244994282722473, 0.8180211782455444, 0.8256772756576538, 0.8168433308601379, 0.8150765895843506, 0.8233215808868408, 0.8221436738967896, 0.8256772756576538, 0.8244994282722473, 0.8274440765380859, 0.8168433308601379, 0.8268551230430603, 0.8156654834747314, 0.8150765895843506, 0.8203769326210022, 0.8286219239234924, 0.8215547800064087, 0.8292108178138733, 0.8256772756576538, 0.8227326273918152, 0.8268551230430603, 0.8268551230430603, 0.8180211782455444, 0.8209658265113831, 0.8262661695480347, 0.8239104747772217, 0.8297997713088989, 0.8386337161064148, 0.8227326273918152, 0.8280329704284668, 0.8351001143455505, 0.8215547800064087, 0.8351001143455505, 0.8398115634918213, 0.8386337161064148, 0.836277961730957, 0.8280329704284668, 0.8421672582626343, 0.8351001143455505, 0.8404004573822021, 0.8303886651992798, 0.8345111608505249, 0.8374558091163635, 0.8462897539138794, 0.8239104747772217, 0.8368669152259827, 0.8250883221626282, 0.8303886651992798, 0.8333333134651184, 0.8374558091163635, 0.8427562117576599, 0.8415783047676086, 0.8356890678405762, 0.8433451056480408, 0.8386337161064148, 0.8356890678405762, 0.831566572189331, 0.8292108178138733, 0.8303886651992798, 0.8392226099967957, 0.8239104747772217, 0.8333333134651184, 0.836277961730957, 0.836277961730957, 0.8445229530334473, 0.8427562117576599, 0.8356890678405762, 0.8368669152259827, 0.8427562117576599, 0.8404004573822021, 0.8398115634918213, 0.8409894108772278, 0.833922266960144, 0.8480565547943115, 0.8404004573822021, 0.8345111608505249, 0.8203769326210022, 0.8415783047676086, 0.8433451056480408, 0.8404004573822021, 0.8433451056480408, 0.8274440765380859, 0.836277961730957, 0.8421672582626343, 0.8356890678405762, 0.8351001143455505, 0.8345111608505249, 0.836277961730957, 0.8445229530334473, 0.836277961730957, 0.8386337161064148, 0.8392226099967957, 0.836277961730957, 0.831566572189331, 0.8439340591430664, 0.846878707408905], "val_acc": [0.5388235449790955, 0.8258823752403259, 0.800000011920929, 0.7788235545158386, 0.8329411745071411, 0.8376470804214478, 0.8305882215499878, 0.8047058582305908, 0.8305882215499878, 0.818823516368866, 0.8305882215499878, 0.818823516368866, 0.8211764693260193, 0.8329411745071411, 0.800000011920929, 0.8258823752403259, 0.8141176700592041, 0.8305882215499878, 0.818823516368866, 0.8305882215499878, 0.8282352685928345, 0.8352941274642944, 0.8094117641448975, 0.8376470804214478, 0.8211764693260193, 0.8399999737739563, 0.8447058796882629, 0.8235294222831726, 0.818823516368866, 0.8494117856025696, 0.8447058796882629, 0.8164705634117126, 0.8376470804214478, 0.8305882215499878, 0.7952941060066223, 0.8447058796882629, 0.8376470804214478, 0.8399999737739563, 0.8376470804214478, 0.8588235378265381, 0.8541176319122314, 0.8352941274642944, 0.8517646789550781, 0.8399999737739563, 0.8564705848693848, 0.8517646789550781, 0.8517646789550781, 0.8517646789550781, 0.8352941274642944, 0.8282352685928345, 0.8258823752403259, 0.8423529267311096, 0.8517646789550781, 0.8494117856025696, 0.8517646789550781, 0.8447058796882629, 0.8541176319122314, 0.8517646789550781, 0.8399999737739563, 0.8517646789550781, 0.8517646789550781, 0.8094117641448975, 0.8376470804214478, 0.8329411745071411, 0.8611764907836914, 0.8447058796882629, 0.8399999737739563, 0.8517646789550781, 0.8588235378265381, 0.8564705848693848, 0.8635293841362, 0.8494117856025696, 0.8588235378265381, 0.8423529267311096, 0.8494117856025696, 0.8423529267311096, 0.8517646789550781, 0.8635293841362, 0.8611764907836914, 0.8494117856025696, 0.818823516368866, 0.8494117856025696, 0.8494117856025696, 0.8399999737739563, 0.8376470804214478, 0.8447058796882629, 0.8470588326454163, 0.8517646789550781, 0.8399999737739563, 0.8329411745071411, 0.8352941274642944, 0.8447058796882629, 0.8423529267311096, 0.8352941274642944, 0.8588235378265381, 0.8494117856025696, 0.8494117856025696, 0.8376470804214478, 0.8423529267311096, 0.8564705848693848], "loss": [0.04614187404513359, 0.012191038578748703, 0.007644498720765114, 0.006664457730948925, 0.0064309630542993546, 0.006043873727321625, 0.005871783010661602, 0.005514978896826506, 0.005887280218303204, 0.005074334796518087, 0.004948576912283897, 0.004876368213444948, 0.005048898048698902, 0.004948503337800503, 0.004772509448230267, 0.004787186160683632, 0.004914362449198961, 0.004612580873072147, 0.0046186125837266445, 0.004492234438657761, 0.004494944121688604, 0.0045975977554917336, 0.004284219350665808, 0.004398665390908718, 0.004160468932241201, 0.004296742379665375, 0.004320800304412842, 0.00459129037335515, 0.0045915693044662476, 0.004220536444336176, 0.004691559821367264, 0.004170536994934082, 0.004012644290924072, 0.004097842611372471, 0.0040365783497691154, 0.0043669939041137695, 0.004285636357963085, 0.004187823738902807, 0.004206604789942503, 0.004051537718623877, 0.003956033382564783, 0.0040136766619980335, 0.003938248846679926, 0.0038703621830791235, 0.003931113053113222, 0.004266940988600254, 0.004030061420053244, 0.003883838187903166, 0.004065121989697218, 0.003807535395026207, 0.003934771753847599, 0.004256497137248516, 0.004006688017398119, 0.003806300926953554, 0.003743781941011548, 0.0038082909304648638, 0.0038038981147110462, 0.0036972551606595516, 0.0037047299556434155, 0.0037024905905127525, 0.003891809144988656, 0.003802971448749304, 0.003962287213653326, 0.004030867479741573, 0.0038439915515482426, 0.003970020916312933, 0.003812564304098487, 0.003682208713144064, 0.0037615583278238773, 0.003808478359133005, 0.0036375909112393856, 0.003985286224633455, 0.003811503993347287, 0.003908715210855007, 0.0037475794088095427, 0.003603861667215824, 0.0038603574503213167, 0.0037418934516608715, 0.003778663231059909, 0.0038466115947812796, 0.003894407767802477, 0.003716134699061513, 0.0036094975657761097, 0.003794499672949314, 0.0036627280060201883, 0.0036925000604242086, 0.0037457216531038284, 0.004093865863978863, 0.0036207593511790037, 0.0035902659874409437, 0.0036474522203207016, 0.0036640602629631758, 0.0038077514618635178, 0.003718354506418109, 0.0036531651858240366, 0.003857774892821908, 0.0037797351833432913, 0.0036146296188235283, 0.003752155229449272, 0.003759837942197919],