{"epochs": [1, 2, 3, 4, 5, 6, 7, 8, 9, 10, 11, 12, 13, 14, 15, 16, 17, 18, 19, 20, 21, 22, 23, 24, 25, 26, 27, 28, 29, 30, 31, 32, 33, 34, 35, 36, 37, 38, 39, 40, 41, 42, 43, 44, 45, 46, 47, 48, 49, 50, 51, 52, 53, 54, 55, 56, 57, 58, 59, 60, 61, 62, 63, 64, 65, 66, 67, 68, 69, 70, 71, 72, 73, 74, 75, 76, 77, 78, 79, 80, 81, 82, 83, 84, 85, 86, 87, 88, 89, 90, 91, 92, 93, 94, 95, 96, 97, 98, 99, 100], "acc": [0.6357827186584473, 0.7156549692153931, 0.7742279171943665, 0.7646432518959045, 0.7774227857589722, 0.7827476263046265, 0.7891373634338379, 0.7902023196220398, 0.7923322916030884, 0.7912673354148865, 0.7955271601676941, 0.796592116355896, 0.7891373634338379, 0.7955271601676941, 0.7933972477912903, 0.796592116355896, 0.7955271601676941, 0.796592116355896, 0.796592116355896, 0.796592116355896, 0.7944622039794922, 0.8008519411087036, 0.8008519411087036, 0.8040468692779541, 0.8029819130897522, 0.8061767816543579, 0.8083066940307617, 0.8040468692779541, 0.8019169569015503, 0.8083066940307617, 0.8093716502189636, 0.8083066940307617, 0.8093716502189636, 0.8125665783882141, 0.8189563155174255, 0.8083066940307617, 0.8029819130897522, 0.8093716502189636, 0.8115016222000122, 0.8061767816543579, 0.8083066940307617, 0.813631534576416, 0.8157614469528198, 0.813631534576416, 0.8083066940307617, 0.813631534576416, 0.8115016222000122, 0.8115016222000122, 0.805111825466156, 0.8115016222000122, 0.8146964907646179, 0.8125665783882141, 0.8146964907646179, 0.8200212717056274, 0.8146964907646179, 0.8125665783882141, 0.8146964907646179, 0.8146964907646179, 0.8168264031410217, 0.813631534576416, 0.8178913593292236, 0.813631534576416, 0.8115016222000122, 0.8157614469528198, 0.8157614469528198, 0.8189563155174255, 0.8178913593292236, 0.8115016222000122, 0.8146964907646179, 0.8146964907646179, 0.8157614469528198, 0.8189563155174255, 0.813631534576416, 0.8178913593292236, 0.8157614469528198, 0.8210862874984741, 0.8210862874984741, 0.813631534576416, 0.8189563155174255, 0.8157614469528198, 0.8242811560630798, 0.8253461122512817, 0.8232161998748779, 0.8200212717056274, 0.8189563155174255, 0.8189563155174255, 0.8200212717056274, 0.8232161998748779, 0.8253461122512817, 0.8189563155174255, 0.8232161998748779, 0.8274760246276855, 0.8264110684394836, 0.8264110684394836, 0.8264110684394836, 0.8232161998748779, 0.8274760246276855, 0.822151243686676, 0.8242811560630798, 0.8253461122512817], "val_acc": [0.6680850982666016, 0.778723418712616, 0.778723418712616, 0.7829787135124207, 0.7829787135124207, 0.7914893627166748, 0.7957446575164795, 0.7829787135124207, 0.7744680643081665, 0.778723418712616, 0.7702127695083618, 0.7872340679168701, 0.7872340679168701, 0.7872340679168701, 0.778723418712616, 0.7872340679168701, 0.800000011920929, 0.800000011920929, 0.7872340679168701, 0.8127659559249878, 0.8042553067207336, 0.8170212507247925, 0.8170212507247925, 0.8170212507247925, 0.8170212507247925, 0.8255318999290466, 0.8127659559249878, 0.8212766051292419, 0.8127659559249878, 0.8212766051292419, 0.8127659559249878, 0.8212766051292419, 0.8127659559249878, 0.8212766051292419, 0.8127659559249878, 0.8042553067207336, 0.8212766051292419, 0.8255318999290466, 0.8255318999290466, 0.8297872543334961, 0.8127659559249878, 0.8340425491333008, 0.8340425491333008, 0.8212766051292419, 0.8297872543334961, 0.8340425491333008, 0.8255318999290466, 0.8212766051292419, 0.8212766051292419, 0.8340425491333008, 0.8425531983375549, 0.8297872543334961, 0.8382978439331055, 0.8212766051292419, 0.8340425491333008, 0.8382978439331055, 0.8212766051292419, 0.8212766051292419, 0.8127659559249878, 0.8382978439331055, 0.8340425491333008, 0.8127659559249878, 0.8255318999290466, 0.8297872543334961, 0.8297872543334961, 0.8297872543334961, 0.8382978439331055, 0.8212766051292419, 0.8297872543334961, 0.8297872543334961, 0.8297872543334961, 0.8127659559249878, 0.8340425491333008, 0.8127659559249878, 0.8255318999290466, 0.8297872543334961, 0.8212766051292419, 0.8212766051292419, 0.8085106611251831, 0.8425531983375549, 0.8085106611251831, 0.8085106611251831, 0.8170212507247925, 0.8212766051292419, 0.8170212507247925, 0.8425531983375549, 0.8170212507247925, 0.8255318999290466, 0.8170212507247925, 0.8085106611251831, 0.8085106611251831, 0.8255318999290466, 0.8085106611251831, 0.8212766051292419, 0.8212766051292419, 0.8127659559249878, 0.8085106611251831, 0.8085106611251831, 0.8085106611251831, 0.8425531983375549], "loss": [0.057430341839790344, 0.044608090072870255, 0.03406757116317749, 0.02556595765054226, 0.020068040117621422, 0.016940755769610405, 0.01505513209849596, 0.013684333302080631, 0.012659537605941296, 0.011855917051434517, 0.011098938062787056, 0.010510358028113842, 0.01004570722579956, 0.009649308398365974, 0.009438849985599518, 0.00903288647532463, 0.008721921592950821, 0.008421845734119415, 0.008328627794981003, 0.008034175261855125, 0.008005641400814056, 0.00803972128778696, 0.007798888720571995, 0.007663552183657885, 0.0076248133555054665, 0.007542341481894255, 0.007497516926378012, 0.007525279186666012, 0.0073612225241959095, 0.007346814963966608, 0.007358191534876823, 0.007387353107333183, 0.0072611356154084206, 0.007229117210954428, 0.0071844556368887424, 0.007311631925404072, 0.0071952021680772305, 0.007038996089249849, 0.00708747748285532, 0.007099444046616554, 0.00711024971678853, 0.0070602004416286945, 0.0070220003835856915, 0.006937970407307148, 0.006895415484905243, 0.006987712811678648, 0.007029740605503321, 0.006937368307262659, 0.006907548755407333, 0.006920582614839077, 0.006953812669962645, 0.00686552282422781, 0.006957694422453642, 0.006858781445771456, 0.006964103318750858, 0.0069062309339642525, 0.006873446051031351, 0.00686552794650197, 0.006838763598352671, 0.0068343644961714745, 0.006760803982615471, 0.006753156427294016, 0.006799877155572176, 0.006781179457902908, 0.0067329853773117065, 0.006795319728553295, 0.006950434297323227, 0.0068060895428061485, 0.00683231744915247, 0.006759727839380503, 0.006715329363942146, 0.006768707185983658, 0.006761044729501009, 0.006736770272254944, 0.006767969112843275, 0.00673703383654356, 0.006778854876756668, 0.0067542060278356075, 0.006739557255059481, 0.0067175086587667465, 0.006786128971725702, 0.0067276908084750175, 0.006720356177538633, 0.006740157026797533, 0.006658836733549833, 0.006670053116977215, 0.006704447325319052, 0.006670800503343344, 0.006675292272120714, 0.006800797767937183, 0.006718651857227087, 0.006645998451858759, 0.0066495900973677635, 0.00666144909337163, 0.006698725279420614, 0.006715281400829554, 0.006656058132648468, 0.006725856103003025, 0.006678059231489897, 0.006660933140665293],